cost_model,names,candidate_id,total_return,cagr,money_weighted,max_drawdown,profit_factor,trades,sharpe,mar,exposure,turnover,costs_usd,cost_drag,spy_tr_return,spy_tr_cagr,beats_spy,failed
gotrade,5,M0007-N05-RAW-GT,475.5111241401451,0.3656797051491507,0.12409524187533696,0.37053090067940947,1.7505751894213957,430,1.1584338321842447,0.3349119915445502,0.6971473259315114,9.934681823891358,79720.08,0.15159584659204023,257.2446863520131,0.3240464023090608,yes,max DD <= 20%
gotrade,10,M0007-N10-RAW-GT,503.75780026944335,0.36966024958553034,0.12887177293842406,0.2758473136772894,1.8240520022598234,845,1.3220187521498086,0.46718516566447216,0.6971356725250029,9.40110627613175,83819.63,0.14828206653673978,257.2446863520131,0.3240464023090608,yes,max DD <= 20%
gotrade,15,M0007-N15-RAW-GT,500.4037817931457,0.3691988245218163,0.12831968850749567,0.21820106380735982,1.8931957948293674,1222,1.381142402570744,0.5880800316390002,0.6960676104668092,9.2502815067517,85431.03,0.1518257118072207,257.2446863520131,0.3240464023090608,yes,max DD <= 20%
gotrade,20,M0007-N20-RAW-GT,554.9227319691738,0.3763600218357501,0.13684210477219444,0.20073757949342255,1.9833563103925382,1607,1.42879133840767,0.6816964970760657,0.6940433905206476,8.908823120064739,90883.49,0.14283668081100206,257.2446863520131,0.3240464023090608,yes,max DD <= 20%
gotrade,25,M0007-N25-RAW-GT,512.935733938626,0.3709081671702168,0.13036280102794165,0.19612094485893267,1.99894229320329,1935,1.440912337758226,0.6647061644624952,0.692345616043109,8.520569935184565,81527.92,0.14192359652212946,257.2446863520131,0.3240464023090608,yes,
gotrade,30,M0007-N30-RAW-GT,504.13966042393315,0.3697125988279555,0.128934381301226,0.19069436357123587,2.0199591292114554,2245,1.4593528389710975,0.6761310554051128,0.6910181392714163,8.230410380813597,78906.22,0.14069409851152034,257.2446863520131,0.3240464023090608,yes,
flat,5,M0007-N05-RAW-FLAT,559.6323830851807,0.3769469675652981,0.13753639159371164,0.36766722482720016,1.8606884789881528,430,1.1864046604477136,0.3740784663586817,0.6971408485900422,9.988572736307338,36526.1851,0.062140091186901246,257.64752302895545,0.32415070885958963,yes,max DD <= 20%
flat,10,M0007-N10-RAW-FLAT,590.2425470173506,0.3806514327616375,0.14190415516740432,0.27264046168706035,1.937100451553598,845,1.3546611472541563,0.5204809084070706,0.697121144354223,9.452242039553392,38284.4901,0.06098049857741482,257.64752302895545,0.32415070885958963,yes,max DD <= 20%
flat,15,M0007-N15-RAW-FLAT,589.577404384904,0.38057289159034613,0.1418118010767689,0.21582207925688884,2.025755608309053,1222,1.4166875918516089,0.6570773554079843,0.6960758391804829,9.310342066494366,39058.3808,0.062218852743881455,257.64752302895545,0.32415070885958963,yes,max DD <= 20%
flat,20,M0007-N20-RAW-FLAT,648.5624833758453,0.3872312319361668,0.14960402228048528,0.201000613287794,2.114793900954991,1607,1.4636686392714369,0.7442963473264693,0.6935857055145256,8.949605399128183,41272.891,0.058652475641793676,257.64752302895545,0.32415070885958963,yes,max DD <= 20%
flat,25,M0007-N25-RAW-FLAT,598.641090781408,0.3816359943305916,0.14306096590986975,0.19366295151435817,2.1362566747904355,1935,1.4764395929114196,0.738711068850271,0.6921505014734939,8.56262769362674,36968.8822,0.05803635462464523,257.64752302895545,0.32415070885958963,yes,
flat,30,M0007-N30-RAW-FLAT,585.9271386704966,0.3801403610821732,0.14130301008321458,0.18884530785198972,2.159528047511911,2245,1.494570081049832,0.7482473972504675,0.6907198049368243,8.269272716268407,35595.0916,0.05743617353627516,257.64752302895545,0.32415070885958963,yes,
