symbol,code,note
AAMRQ,AMR_old,AMR Corporation (American Airlines parent); traded as AMR until the 2011 bankruptcy
ABKFQ,ABK,Ambac Financial Group Inc; traded as ABK until the 2010 bankruptcy
AEOS,AEO,American Eagle Outfitters Inc; Nasdaq AEOS moved to NYSE AEO in 2007
BHMSQ,BS,Bethlehem Steel Corp; traded as BS until the 2001 bankruptcy
HANS,MNST,Hansen Natural renamed Monster Beverage Corp in 2012
HSH,SLE_old,Sara Lee Corp renamed Hillshire Brands in 2012; the store symbol is the post-rename ticker
LEHMQ,LEH,Lehman Brothers Holdings Inc; traded as LEH until the 2008 bankruptcy
MTLQQ,GM_old,General Motors Corp; traded as GM until the 2009 bankruptcy (then Motors Liquidation)
RIMM,BB,Research In Motion renamed BlackBerry Ltd in 2013
RSHCQ,RSH,RadioShack Corp; traded as RSH until the 2015 bankruptcy
UAUA,UAL,UAL Corp on Nasdaq 2006-2010; became United Continental (UAL)
WCOEQ,MCWEQ,WorldCom Inc; EODHD lists it as MCWEQ
WYND,WYN,Wyndham Worldwide Corporation traded as WYN; WYND is the 2018 Wyndham Destinations ticker
