ex_date,amount_usd
2015-03-20,0.931
2015-06-19,1.03
2015-09-18,1.033
2015-12-18,1.212
2016-03-18,1.05
2016-06-17,1.078
2016-09-16,1.082
2016-12-16,1.329
2017-03-17,1.033
2017-06-16,1.183
2017-09-15,1.235
2017-12-15,1.351
2018-03-16,1.097
2018-06-15,1.246
2018-09-21,1.323
2018-12-21,1.435
2019-03-15,1.233
2019-06-21,1.432
2019-09-20,1.384
2019-12-20,1.57
2020-03-20,1.406
2020-06-19,1.366
2020-09-18,1.339
2020-12-18,1.58
2021-03-19,1.278
2021-06-18,1.376
2021-09-17,1.428
2021-12-17,1.633
2022-03-18,1.366
2022-06-17,1.577
2022-09-16,1.596
2022-12-16,1.781
2023-03-17,1.506
2023-06-16,1.638
2023-09-15,1.583
2023-12-15,1.906
2024-03-15,1.595
2024-06-21,1.759
2024-09-20,1.746
2024-12-20,1.966
2025-03-21,1.696
2025-06-20,1.761
2025-09-19,1.831
2025-12-19,1.993
2026-03-20,1.797
2026-06-18,1.904
2026-09-18,1.889
