symbol,cik,start_date,end_date,company_name,source,note
A,0001090872,2015-01-02,,"AGILENT TECHNOLOGIES, INC.",current,
AABA,0001011006,2015-01-02,2017-06-19,ALTABA INC.,manual,EDGAR former name YAHOO INC (1996-08-14..2017-06-15); the operating business went to Verizon 2017-06-13 and the rump became Altaba; 10 periodic filings inside the span
AAL,0000006201,2015-01-02,2024-09-23,American Airlines Group Inc.,current,
AAP,0001158449,2015-07-09,2023-08-25,ADVANCE AUTO PARTS INC,current,
AAPL,0000320193,2015-01-02,,Apple Inc.,current,
ABBV,0001551152,2015-01-02,,AbbVie Inc.,current,
ABMD,0000815094,2018-05-31,2022-12-22,ABIOMED INC,edgar,
ABNB,0001559720,2021-12-20,,"Airbnb, Inc.",current,
ABT,0000001800,2015-01-02,,ABBOTT LABORATORIES,current,
ACGL,0000947484,2022-11-01,,ARCH CAPITAL GROUP LTD.,current,
ACN,0001467373,2015-01-02,,Accenture plc,current,
ADBE,0000796343,2015-01-02,,ADOBE INC.,current,
ADI,0000006281,2015-01-02,,ANALOG DEVICES INC,current,
ADM,0000007084,2015-01-02,,Archer-Daniels-Midland Co,current,
ADP,0000008670,2015-01-02,,AUTOMATIC DATA PROCESSING INC,current,
ADS,0001101215,2015-01-02,2020-06-22,"BREAD FINANCIAL HOLDINGS, INC.",manual,EDGAR former name ALLIANCE DATA SYSTEMS CORP (2000-06-09..2022-03-23); a pure rename on the same CIK; 18 periodic filings inside the span
ADSK,0000769397,2015-01-02,,"Autodesk, Inc.",current,
ADT,0001546640,2015-01-02,2016-05-02,ADT Corp,manual,"recycled: browse-edgar answers 0001703056 ADT Inc., the 2017 Apollo/Prime Security entity whose filings start 2017-04-11; The ADT Corporation was the 2012 Tyco spinoff, taken private by Apollo 2016-05-02; 5 periodic filings inside the span"
AEE,0001002910,2015-01-02,,AMEREN CORP,current,
AEP,0000004904,2015-01-02,,AMERICAN ELECTRIC POWER CO INC,current,
AES,0000874761,2015-01-02,,AES CORP,current,
AET,0001122304,2015-01-02,2018-11-29,AETNA INC /PA/,manual,"name match picked 0001022658 AETNA HOLDINGS INC, which filed only 3 documents, all in 1996; the Aetna in the S&P 500 is CIK 0001122304, acquired by CVS 2018-11-28; 16 periodic filings inside the span"
AFL,0000004977,2015-01-02,,AFLAC INC,current,
AGN,0000850693,2015-01-02,2020-05-12,Allergan plc,exact,massive name 'Allergan plc' -> cik-lookup 'ALLERGAN' (exact)
AIG,0000005272,2015-01-02,,"AMERICAN INTERNATIONAL GROUP, INC.",current,
AIV,0000922864,2015-01-02,2020-12-21,APARTMENT INVESTMENT & MANAGEMENT CO,current,
AIZ,0001267238,2015-01-02,,"ASSURANT, INC.",current,
AJG,0000354190,2016-05-31,,Arthur J. Gallagher & Co.,current,
AKAM,0001086222,2015-01-02,,AKAMAI TECHNOLOGIES INC,current,
ALAB,0001736297,2026-06-22,,"Astera Labs, Inc.",current,
ALB,0000915913,2016-07-01,,ALBEMARLE CORP,current,
ALGN,0001097149,2017-06-19,,ALIGN TECHNOLOGY INC,current,
ALK,0000766421,2016-05-13,2023-12-18,"ALASKA AIR GROUP, INC.",current,
ALL,0000899051,2015-01-02,,ALLSTATE CORP,current,
ALLE,0001579241,2015-01-02,,Allegion plc,current,
ALNY,0001178670,2025-12-22,,"ALNYLAM PHARMACEUTICALS, INC.",current,
ALTR,0000768251,2015-01-02,2015-12-28,ALTERA CORP,manual,recycled: browse-edgar answers 0001701732 Altair Engineering; Altera was acquired by Intel 2015-12-28
ALXN,0000899866,2015-01-02,2021-07-21,Alexion Pharmaceuticals Inc,exact,massive name 'Alexion Pharmaceuticals Inc' -> cik-lookup 'ALEXION PHARMACEUTICALS' (exact)
AMAT,0000006951,2015-01-02,,APPLIED MATERIALS INC /DE,current,
AMCR,0001748790,2019-06-07,,Amcor plc,current,
AMD,0000002488,2017-03-20,,ADVANCED MICRO DEVICES INC,current,
AME,0001037868,2015-01-02,,AMETEK INC/,current,
AMG,0001004434,2015-01-02,2019-12-23,"AFFILIATED MANAGERS GROUP, INC.",current,
AMGN,0000318154,2015-01-02,,AMGEN INC,current,
AMP,0000820027,2015-01-02,,AMERIPRISE FINANCIAL INC,current,
AMT,0001053507,2015-01-02,,AMERICAN TOWER CORP /MA/,current,
AMTM,0002011286,2024-09-30,2024-12-23,"Amentum Holdings, Inc.",current,
AMZN,0001018724,2015-01-02,,AMAZON COM INC,current,
AN,0000350698,2015-01-02,2017-08-08,"AUTONATION, INC.",current,
ANDV,0000050104,2015-01-02,2018-10-01,Andeavor,exact,massive name 'Andeavor' -> cik-lookup 'ANDEAVOR' (exact)
ANET,0001596532,2018-08-28,,"Arista Networks, Inc.",current,
ANSS,0001013462,2017-06-19,2025-07-18,ANSYS INC,edgar,
AON,0000315293,2015-01-02,,Aon plc,current,
AOS,0000091142,2017-07-26,,SMITH A O CORP,current,
APA,0001841666,2015-01-02,,APA Corp,current,
APC,0000773910,2015-01-02,2019-08-09,ANADARKO PETROLEUM CORP,manual,"recycled: the ticker now carries ARKO Petroleum Corp (0002080921, filings start 2025-09-15); Anadarko was acquired by Occidental 2019-08-08; 19 periodic filings inside the span"
APD,0000002969,2015-01-02,,"Air Products & Chemicals, Inc.",current,
APH,0000820313,2015-01-02,,AMPHENOL CORP /DE/,current,
APO,0001858681,2024-12-23,,"Apollo Global Management, Inc.",current,
APP,0001751008,2024-11-18,,AppLovin Corp,current,
APTV,0001521332,2015-01-02,,Aptiv PLC,current,
ARE,0001035443,2017-03-20,,"ALEXANDRIA REAL ESTATE EQUITIES, INC.",current,
ARES,0001176948,2025-12-11,,Ares Management Corp,current,
ARG,0000804212,2015-01-02,2016-05-23,AIRGAS INC,exact,massive name 'AIRGAS INC' -> cik-lookup 'AIRGAS' (exact)
ARM,0001973239,2024-06-24,,ARM HOLDINGS PLC /UK,current,
ASML,0000937966,2017-12-18,,ASML HOLDING NV,current,
ATI,0001018963,2015-01-02,2015-07-02,ATI INC,current,
ATO,0000731802,2019-02-15,,ATMOS ENERGY CORP,current,
ATVI,0000718877,2015-01-02,2023-10-18,"Activision Blizzard, Inc.",edgar,
AVB,0000915912,2015-01-02,2026-08-18,AVALONBAY COMMUNITIES INC,edgar,
AVGO,0001730168,2015-01-02,,Broadcom Inc.,current,
AVP,0000008868,2015-01-02,2015-03-23,"Avon Products, Inc.",exact,"massive name 'Avon Products, Inc.' -> cik-lookup 'AVON PRODUCTS' (exact)"
AVY,0000008818,2015-01-02,,Avery Dennison Corp,current,
AWK,0001410636,2016-03-04,,"American Water Works Company, Inc.",current,
AXON,0001069183,2023-05-04,,"AXON ENTERPRISE, INC.",current,
AXP,0000004962,2015-01-02,,AMERICAN EXPRESS CO,current,
AYI,0001144215,2016-05-03,2018-06-18,ACUITY INC. (DE),current,
AZN,0000901832,2022-02-22,2026-01-20,ASTRAZENECA PLC,current,
AZO,0000866787,2015-01-02,,AUTOZONE INC,current,
BA,0000012927,2015-01-02,,BOEING CO,current,
BAC,0000070858,2015-01-02,,BANK OF AMERICA CORP /DE/,current,
BALL,0000009389,2015-01-02,,BALL Corp,current,
BATRA,0001560385,2016-04-18,2016-06-20,Liberty Media Corp,manual,"Liberty Braves series A was a Liberty Media tracking stock in this window; the ticker now carries Atlanta Braves Holdings (0001958140), which did not exist until the 2023 split-off; 1 periodic filing inside the span"
BATRK,0001560385,2016-04-18,2016-06-20,Liberty Media Corp,manual,"Liberty Braves series C, the same filer as BATRA; the ticker now carries Atlanta Braves Holdings (0001958140), incorporated 2022; 1 periodic filing inside the span"
BAX,0000010456,2015-01-02,,BAXTER INTERNATIONAL INC,current,
BBBY,0000886158,2015-01-02,2017-07-26,"20230930-DK-Butterfly-1, Inc.",edgar,
BBWI,0000701985,2015-01-02,2024-10-01,"Bath & Body Works, Inc.",current,
BBY,0000764478,2015-01-02,,BEST BUY CO INC,current,
BCR,0000009892,2015-01-02,2017-12-29,BARD C R INC /NJ/,manual,"C.R. Bard, acquired by Becton Dickinson 2017-12-29; 12 periodic filings inside the span; the predecessor CIK 0000275110 filed none inside it"
BDX,0000010795,2015-01-02,,BECTON DICKINSON & CO,current,
BE,0001664703,2026-09-21,,Bloom Energy Corp,current,
BEN,0000038777,2015-01-02,,FRANKLIN TEMPLETON INC,current,
BF.B,0000014693,2015-01-02,,BROWN FORMAN CORP,current,
BG,0001996862,2023-03-15,,Bunge Global SA,current,
BHF,0001685040,2017-08-07,2019-04-02,"Brighthouse Financial, Inc.",current,
BIDU,0001329099,2015-01-02,2022-12-19,"Baidu, Inc.",current,
BIIB,0000875045,2015-01-02,,BIOGEN INC.,current,
BIO,0000012208,2020-06-22,2024-09-23,"BIO-RAD LABORATORIES, INC.",current,
BKNG,0001075531,2015-01-02,,Booking Holdings Inc.,current,
BKR,0001701605,2015-01-02,,Baker Hughes Co,current,
BLDR,0001316835,2023-12-18,2026-09-21,"Builders FirstSource, Inc.",current,
BLK,0002012383,2015-01-02,,"BlackRock, Inc.",current,
BMRN,0001048477,2015-07-27,2020-12-21,BIOMARIN PHARMACEUTICAL INC,current,
BMY,0000014272,2015-01-02,,BRISTOL MYERS SQUIBB CO,current,
BNY,0001390777,2015-01-02,,Bank of New York Mellon Corp,current,
BR,0001383312,2018-06-18,,"BROADRIDGE FINANCIAL SOLUTIONS, INC.",current,
BRCM,0001054374,2015-01-02,2016-02-01,BROADCOM CORP,manual,"the original Broadcom Corp, acquired by Avago 2016-02-01; Avago then took the Broadcom name and the AVGO ticker under a different CIK; 4 periodic filings inside the span"
BRK.B,0001067983,2015-01-02,,BERKSHIRE HATHAWAY INC,current,
BRO,0000079282,2021-09-20,,"BROWN & BROWN, INC.",current,
BSX,0000885725,2015-01-02,,BOSTON SCIENTIFIC CORP,current,
BWA,0000908255,2015-01-02,2025-03-24,BORGWARNER INC,current,
BX,0001393818,2023-09-18,,Blackstone Inc.,current,
BXLT,0001620546,2015-07-01,2016-06-03,Baxalta Inc,manual,"Baxter spinoff 2015-07-01, acquired by Shire 2016-06-03; 4 periodic filings inside the span"
BXP,0001037540,2015-01-02,,"BXP, Inc.",current,
C,0000831001,2015-01-02,,CITIGROUP INC,current,
CA,0000356028,2015-01-02,2018-11-06,"CA, INC.",manual,recycled: CA is now an Xtrackers ETF share class; CA Inc (ex-Computer Associates) was acquired by Broadcom 2018-11-05
CAG,0000023217,2015-01-02,2026-06-30,CONAGRA BRANDS INC.,current,
CAH,0000721371,2015-01-02,,CARDINAL HEALTH INC,current,
CAM,0000941548,2015-01-02,2016-04-04,CAMERON INTERNATIONAL CORP,manual,EDGAR former name COOPER CAMERON CORP; acquired by Schlumberger 2016-04-01; 5 periodic filings inside the span
CARR,0001783180,2020-04-03,,CARRIER GLOBAL Corp,current,
CASY,0000726958,2026-04-09,,CASEYS GENERAL STORES INC,current,
CAT,0000018230,2015-01-02,,CATERPILLAR INC,current,
CB,0000896159,2015-01-02,,Chubb Ltd,current,
CBOE,0001374310,2017-03-01,,"Cboe Global Markets, Inc.",current,
CBRE,0001138118,2015-01-02,,"CBRE GROUP, INC.",current,
CCE,0001491675,2015-01-02,2016-05-31,"COCA-COLA EUROPEAN PARTNERS US, LLC",manual,"the 2010 Coca-Cola Enterprises, Inc. (EDGAR former name 2010-06-22..2016-05-26); 6 periodic filings inside the span; NOT 0000804055, the pre-2010 Coca Cola Enterprises Inc now Coca-Cola Refreshments USA, which filed none inside the span"
CCEP,0001650107,2016-01-04,,COCA-COLA EUROPACIFIC PARTNERS plc,current,
CCI,0001051470,2015-01-02,,CROWN CASTLE INC.,current,
CCL,0000815097,2015-01-02,,Carnival Corp Ltd.,current,
CDNS,0000813672,2017-09-18,,CADENCE DESIGN SYSTEMS INC,current,
CDW,0001402057,2019-09-23,,CDW Corp,current,
CE,0001306830,2018-12-24,2025-03-24,Celanese Corp,current,
CEG,0001868275,2022-02-02,,Constellation Energy Corp,current,
CELG,0000816284,2015-01-02,2019-11-21,CELGENE CORP /DE/,manual,acquired by Bristol-Myers Squibb 2019-11-20; 20 periodic filings inside the span
CERN,0000804753,2015-01-02,2022-06-08,Cerner Corp,exact,massive name 'Cerner Corp' -> cik-lookup 'CERNER' (exact)
CF,0001324404,2015-01-02,,"CF Industries Holdings, Inc.",current,
CFG,0000759944,2016-02-01,,CITIZENS FINANCIAL GROUP INC/RI,current,
CFN,0001457543,2015-01-02,2015-03-17,CAREFUSION CORPORATION,exact,massive name 'CAREFUSION CORPORATION' -> cik-lookup 'CAREFUSION' (exact)
CHD,0000313927,2015-12-29,,CHURCH & DWIGHT CO INC /DE/,current,
CHK,0000895126,2015-01-02,2018-03-19,EXPAND ENERGY Corp,edgar,
CHKP,0001015922,2015-01-02,2021-12-20,CHECK POINT SOFTWARE TECHNOLOGIES LTD,current,
CHRW,0001043277,2015-01-02,,"C. H. ROBINSON WORLDWIDE, INC.",current,
CHTR,0001091667,2015-01-02,,"CHARTER COMMUNICATIONS, INC. /MO/",current,
CI,0001739940,2015-01-02,,Cigna Group,current,
CIEN,0000936395,2026-02-09,,CIENA CORP,current,
CINF,0000020286,2015-01-02,,CINCINNATI FINANCIAL CORP,current,
CL,0000021665,2015-01-02,,COLGATE PALMOLIVE CO,current,
CLX,0000021076,2015-01-02,,CLOROX CO /DE/,current,
CMA,0000028412,2015-01-02,2024-06-24,COMERICA INC,edgar,
CMCSA,0001166691,2015-01-02,,COMCAST CORP,current,
CMCSK,0001166691,2015-09-21,2015-12-14,COMCAST CORP,manual,"Comcast class K special stock: the same filer as CMCSA, which is why no uniqueness check applies to cik; 1 periodic filing inside the short span (10-Q 2015-10-27), visible only in the submissions overflow files"
CME,0001156375,2015-01-02,,CME GROUP INC.,current,
CMG,0001058090,2015-01-02,,CHIPOTLE MEXICAN GRILL INC,current,
CMI,0000026172,2015-01-02,,CUMMINS INC,current,
CMS,0000811156,2015-01-02,,CMS ENERGY CORP,current,
CNC,0001071739,2016-03-30,,CENTENE CORP,current,
CNP,0001130310,2015-01-02,,CENTERPOINT ENERGY INC,current,
CNX,0001070412,2015-01-02,2016-03-04,CNX Resources Corp,current,
COF,0000927628,2015-01-02,,CAPITAL ONE FINANCIAL CORP,current,
COHR,0000820318,2026-03-23,,COHERENT CORP.,current,
COIN,0001679788,2025-05-19,,"Coinbase Global, Inc.",current,
COL,0001137411,2015-01-02,2018-11-27,Rockwell Collins,exact,massive name 'Rockwell Collins' -> cik-lookup 'ROCKWELL COLLINS' (exact)
COO,0000711404,2016-09-23,,"COOPER COMPANIES, INC.",current,
COP,0001163165,2015-01-02,,CONOCOPHILLIPS,current,
COR,0001140859,2015-01-02,,"Cencora, Inc.",current,
COST,0000909832,2015-01-02,,COSTCO WHOLESALE CORP /NEW,current,
COTY,0001024305,2016-10-03,2020-09-21,COTY INC.,current,
COV,0001385187,2015-01-02,2015-01-27,Covidien plc,manual,EDGAR former names Covidien Ltd. and Tyco Healthcare Ltd.; acquired by Medtronic 2015-01-26; 1 periodic filing inside the span (10-Q 2015-01-23)
CPAY,0001175454,2018-06-20,,"CORPAY, INC.",current,
CPB,0000016732,2015-01-02,2026-06-22,CAMPBELL'S Co,current,
CPGX,0001629995,2015-07-02,2016-07-01,"Columbia Pipeline Group, Inc.",manual,"NiSource spinoff 2015-07-01, acquired by TransCanada 2016-07-01; 4 periodic filings inside the span"
CPRI,0001530721,2016-01-04,2020-05-12,Capri Holdings Ltd,current,
CPRT,0000900075,2018-07-02,,COPART INC,current,
CPT,0000906345,2022-04-04,,CAMDEN PROPERTY TRUST,current,
CRH,0000849395,2025-12-22,,CRH PUBLIC LTD CO,current,
CRL,0001100682,2021-05-14,,"CHARLES RIVER LABORATORIES INTERNATIONAL, INC.",current,
CRM,0001108524,2015-01-02,,"Salesforce, Inc.",current,
CRWD,0001535527,2021-08-26,,"CrowdStrike Holdings, Inc.",current,
CRWV,0001769628,2026-06-22,,"CoreWeave, Inc.",current,
CSCO,0000858877,2015-01-02,,"CISCO SYSTEMS, INC.",current,
CSGP,0001057352,2019-12-23,,"COSTAR GROUP, INC.",current,
CSRA,0001646383,2015-11-30,2018-04-04,CSRA Inc.,manual,"EDGAR former name Computer Sciences Government Services Inc.; CSC spinoff 2015-11-27, acquired by General Dynamics 2018-04-03; 10 periodic filings inside the span"
CSX,0000277948,2015-01-02,,CSX CORP,current,
CTAS,0000723254,2015-01-02,,CINTAS CORP,current,
CTL,0000018926,2015-01-02,2020-09-18,"CenturyLink, Inc.",exact,"massive name 'CenturyLink, Inc.' -> cik-lookup 'CENTURYLINK' (exact)"
CTLT,0001596783,2020-09-21,2024-12-23,"Catalent, Inc.",edgar,
CTRA,0000858470,2015-01-02,2026-05-07,Coterra Energy Inc.,edgar,
CTRX,0001363851,2015-01-02,2015-07-24,Catamaran Corp,manual,EDGAR former name SXC Health Solutions Corp; acquired by UnitedHealth OptumRx 2015-07-23; 2 periodic filings inside the span
CTSH,0001058290,2015-01-02,,COGNIZANT TECHNOLOGY SOLUTIONS CORP,current,
CTVA,0001755672,2019-06-03,,"Corteva, Inc.",current,
CTXS,0000877890,2015-01-02,2022-10-03,CITRIX SYSTEMS INC,edgar,
CVC,0001053112,2015-01-02,2016-06-21,CABLEVISION SYSTEMS CORP /NY,manual,"the registrant behind the listed equity, acquired by Altice 2016-06-21; 6 periodic filings inside the span; NOT 0000784681 CSC Holdings LLC, the debt-issuing subsidiary that co-files on the very same dates"
CVNA,0001690820,2025-12-22,,CARVANA CO.,current,
CVS,0000064803,2015-01-02,,CVS HEALTH Corp,current,
CVX,0000093410,2015-01-02,,CHEVRON CORP,current,
CXO,0001358071,2016-02-22,2021-01-21,CONCHO RESOURCES INC.,exact,massive name 'CONCHO RESOURCES INC.' -> cik-lookup 'CONCHO RESOURCES' (exact)
CZR,0001590895,2021-03-22,2025-09-22,"Caesars Entertainment, Inc.",current,
D,0000715957,2015-01-02,,"DOMINION ENERGY, INC",current,
DAL,0000027904,2015-01-02,,"DELTA AIR LINES, INC.",current,
DASH,0001792789,2023-12-18,,"DoorDash, Inc.",current,
DAY,0001725057,2021-09-20,2026-02-09,"Dayforce, Inc.",manual,"name match picked 0001496678 Dayforce Corp, a namesake with a single 2010 filing; the index member is CIK 0001725057, EDGAR former name Ceridian HCM Holding Inc. (2018-01-12..2024-01-26); 17 periodic filings inside the span"
DD,0001666700,2015-01-02,,"DuPont de Nemours, Inc.",current,
DDOG,0001561550,2021-12-20,,"Datadog, Inc.",current,
DE,0000315189,2015-01-02,,DEERE & CO,current,
DECK,0000910521,2024-03-18,,DECKERS OUTDOOR CORP,current,
DELL,0001571996,2024-09-23,,Dell Technologies Inc.,current,
DFS,0001393612,2015-01-02,2025-05-19,Discover Financial Services,edgar,
DG,0000029534,2015-01-02,,DOLLAR GENERAL CORP,current,
DGX,0001022079,2015-01-02,,QUEST DIAGNOSTICS INC,current,
DHI,0000882184,2015-01-02,,HORTON D R INC /DE/,current,
DHR,0000313616,2015-01-02,,DANAHER CORP /DE/,current,
DINO,0000048039,2018-06-18,2021-06-04,HollyFrontier Corp,manual,"recycled: the ticker now carries HF Sinclair (0001915657, filings start 2022-03-14), the 2022 holding company; HollyFrontier Corp (EDGAR former name HOLLY CORP) is the filer for this window; 12 periodic filings inside the span"
DIS,0001744489,2015-01-02,,Walt Disney Co,current,
DISCK,0001437107,2015-01-02,2022-04-11,"Warner Bros. Discovery, Inc.",manual,"Discovery series C; EDGAR former names Discovery Communications, Inc. (2008-06-11..2018-03-05) and Discovery, Inc. (2018-03-06..2022-04-08); the WarnerMedia merger closed 2022-04-08 on the same CIK; 8 periodic filings inside the span"
DISH,0001001082,2015-01-02,2023-06-20,DISH Network CORP,edgar,
DLR,0001297996,2016-05-18,,"DIGITAL REALTY TRUST, INC.",current,
DLTR,0000935703,2015-01-02,,"DOLLAR TREE, INC.",current,
DNB,0001115222,2015-01-02,2017-04-05,DUN & BRADSTREET CORP/NW,manual,"the ticker was reissued to Dun & Bradstreet Holdings (0001799208) at its 2020 re-IPO; the filer for this window is the old Dun & Bradstreet Corp, taken private 2019-02-08; 9 periodic filings inside the span"
DNR,0000945764,2015-01-02,2015-03-23,"Denbury Resources, Inc.",exact,"massive name 'Denbury Resources, Inc.' -> cik-lookup 'DENBURY RESOURCES' (exact)"
DO,0000949039,2015-01-02,2016-10-03,"DIAMOND OFFSHORE DRILLING, INC.",edgar,
DOC,0000765880,2015-01-02,,"HEALTHPEAK PROPERTIES, INC.",current,
DOCU,0001261333,2020-06-22,2022-12-19,"DOCUSIGN, INC.",current,
DOV,0000029905,2015-01-02,,DOVER Corp,current,
DOW,0001751788,2015-01-02,,DOW INC.,current,
DPZ,0001286681,2020-05-12,,DOMINOS PIZZA INC,current,
DRE,0000783280,2017-07-26,2022-10-03,DUKE REALTY CORP,edgar,
DRI,0000940944,2015-01-02,,DARDEN RESTAURANTS INC,current,
DTE,0000936340,2015-01-02,,DTE ENERGY CO,current,
DTV,0001465112,2015-01-02,2015-07-27,DIRECTV,manual,"recycled: the ticker now carries DTE Energy corporate units (0000936340), which filed 3 periodic reports inside the span, so the filing screen does NOT catch it; DIRECTV was acquired by AT&T 2015-07-24"
DUK,0001326160,2015-01-02,,Duke Energy CORP,current,
DVA,0000927066,2015-01-02,,DAVITA INC.,current,
DVN,0001090012,2015-01-02,,DEVON ENERGY CORP/DE,current,
DWDP,0001666700,2017-09-01,2019-06-03,DowDuPont Inc.,exact,massive name 'DowDuPont Inc.' -> cik-lookup 'DOWDUPONT' (exact)
DXC,0001688568,2015-01-02,2023-10-02,DXC Technology Co,current,
DXCM,0001093557,2020-04-20,,DEXCOM INC,current,
EA,0000712515,2015-01-02,2026-08-05,ELECTRONIC ARTS INC.,edgar,
EBAY,0001065088,2015-01-02,,EBAY INC,current,
ECHO,0001415404,2026-06-24,,EchoStar CORP,current,
ECL,0000031462,2015-01-02,,ECOLAB INC.,current,
ED,0001047862,2015-01-02,,CONSOLIDATED EDISON INC,current,
EFX,0000033185,2015-01-02,,EQUIFAX INC,current,
EG,0001095073,2017-06-19,,"EVEREST GROUP, LTD.",current,
EIX,0000827052,2015-01-02,,EDISON INTERNATIONAL,current,
EL,0001001250,2015-01-02,,ESTEE LAUDER COMPANIES INC,current,
ELV,0001156039,2015-01-02,,"Elevance Health, Inc.",current,
EMC,0000790070,2015-01-02,2016-09-07,EMC CORP,manual,acquired by Dell 2016-09-07; 7 periodic filings inside the span
EME,0000105634,2025-09-22,,"EMCOR Group, Inc.",current,
EMN,0000915389,2015-01-02,2025-11-04,EASTMAN CHEMICAL CO,current,
EMR,0000032604,2015-01-02,,EMERSON ELECTRIC CO,current,
ENDP,0001593034,2015-01-27,2017-03-02,Endo International plc,exact,massive name 'Endo International plc' -> cik-lookup 'ENDO INTERNATIONAL' (exact)
ENPH,0001463101,2021-01-07,2025-09-22,"Enphase Energy, Inc.",current,
EOG,0000821189,2015-01-02,,EOG RESOURCES INC,current,
EPAM,0001352010,2021-12-14,2026-06-02,"EPAM Systems, Inc.",current,
EQIX,0001101239,2015-01-02,,EQUINIX INC,current,
EQR,0000906107,2015-01-02,2026-08-18,VIVMARK RESIDENTIAL,edgar,
EQT,0000033213,2015-01-02,,EQT Corp,current,
ERIE,0000922621,2024-09-23,,ERIE INDEMNITY CO,current,
ES,0000072741,2015-01-02,,EVERSOURCE ENERGY,current,
ESRX,0001532063,2015-01-02,2018-12-24,Express Scripts Holding Company,exact,massive name 'Express Scripts Holding Company' -> cik-lookup 'EXPRESS SCRIPTS' (exact)
ESS,0000920522,2015-01-02,,"ESSEX PROPERTY TRUST, INC.",current,
ESV,0000314808,2015-01-02,2016-03-30,Ensco Rowan plc,exact,massive name 'Ensco Rowan plc' -> cik-lookup 'ENSCO ROWAN' (exact)
ETFC,0001015780,2015-01-02,2020-10-07,E*Trade Financial Corporation,exact,massive name 'E*Trade Financial Corporation' -> cik-lookup 'E TRADE FINANCIAL' (exact)
ETN,0001551182,2015-01-02,,Eaton Corp plc,current,
ETR,0000065984,2015-01-02,,ENTERGY CORP /DE/,current,
ETSY,0001370637,2020-09-21,2024-09-23,ETSY INC,current,
EVHC,0001678531,2016-12-02,2018-10-11,Envision Healthcare Corp,manual,"two CIKs share the name: 0001344154 (former Emergency Medical Services Corp) stopped filing 2014-06-20; the post-merger AmSurg/Envision entity is 0001678531, EDGAR former name New Amethyst Corp., taken private by KKR 2018-10-11; 7 periodic filings inside the span"
EVRG,0001711269,2018-06-05,,"Evergy, Inc.",current,
EW,0001099800,2015-01-02,,Edwards Lifesciences Corp,current,
EXC,0001109357,2015-01-02,,EXELON CORP,current,
EXE,0000895126,2025-03-24,,EXPAND ENERGY Corp,current,
EXPD,0000746515,2015-01-02,,EXPEDITORS INTERNATIONAL OF WASHINGTON INC,current,
EXPE,0001324424,2015-01-02,,"Expedia Group, Inc.",current,
EXR,0001289490,2016-01-19,,Extra Space Storage Inc.,current,
F,0000037996,2015-01-02,,FORD MOTOR CO,current,
FANG,0001539838,2018-12-03,,"Diamondback Energy, Inc.",current,
FAST,0000815556,2015-01-02,,FASTENAL CO,current,
FBIN,0001519751,2016-06-24,2022-12-19,"Fortune Brands Innovations, Inc.",current,
FCPT,0001650132,2015-11-10,2015-11-17,"Four Corners Property Trust, Inc.",current,
FCX,0000831259,2015-01-02,,FREEPORT-MCMORAN INC,current,
FDO,0000034408,2015-01-02,2015-07-07,FAMILY DOLLAR STORES,exact,massive name 'FAMILY DOLLAR STORES' -> cik-lookup 'FAMILY DOLLAR STORES' (exact)
FDS,0001013237,2021-12-20,,FACTSET RESEARCH SYSTEMS INC,current,
FDX,0001048911,2015-01-02,,FEDEX CORP,current,
FDXF,0002082247,2026-06-01,,"FedEx Freight Holding Company, Inc.",current,
FE,0001031296,2015-01-02,,FIRSTENERGY CORP,current,
FER,0001468522,2025-12-22,,Ferrovial N.V.,current,
FERG,0002011641,2026-08-05,,Ferguson Enterprises Inc. /DE/,current,
FFIV,0001048695,2015-01-02,,"F5, INC.",current,
FICO,0000814547,2023-03-20,,FAIR ISAAC CORP,current,
FIS,0001136893,2015-01-02,,"Fidelity National Information Services, Inc.",current,
FISV,0000798354,2015-01-02,,FISERV INC,current,
FITB,0000035527,2015-01-02,,FIFTH THIRD BANCORP,current,
FIX,0001035983,2025-12-22,,COMFORT SYSTEMS USA INC,current,
FL,0000850209,2016-04-04,2019-08-09,"FOOT LOCKER, INC.",edgar,
FLEX,0000866374,2026-06-22,,FLEX LTD.,current,
FLIR,0000354908,2015-01-02,2021-05-14,"Teledyne FLIR, LLC",manual,EDGAR former name FLIR SYSTEMS INC (1996-08-14..2021-05-14); acquired by Teledyne 2021-05-14 on the same CIK; 26 periodic filings inside the span
FLR,0001124198,2015-01-02,2019-06-03,FLUOR CORP,current,
FLS,0000030625,2015-01-02,2021-03-22,FLOWSERVE CORP,current,
FMC,0000037785,2015-01-02,2025-03-24,FMC CORP,current,
FOSL,0000883569,2015-01-02,2016-01-05,"Fossil Group, Inc.",current,
FOX,0001754301,2015-01-02,,Fox Corp,current,
FOXA,0001754301,2015-01-02,,Fox Corp,current,
FRC,0001132979,2019-01-02,2023-05-04,FIRST REPUBLIC BANK,edgar,
FRT,0000034903,2016-02-01,,FEDERAL REALTY INVESTMENT TRUST,current,
FSLR,0001274494,2015-01-02,,"FIRST SOLAR, INC.",current,
FTI,0001681459,2015-01-02,2021-02-12,TechnipFMC plc,current,
FTNT,0001262039,2018-10-11,,"Fortinet, Inc.",current,
FTR,0000020520,2015-01-02,2017-03-20,Frontier Communications Corp.,exact,massive name 'Frontier Communications Corp.' -> cik-lookup 'FRONTIER COMMUNICATIONS' (exact)
FTV,0001659166,2016-07-05,,Fortive Corp,current,
GAS,0001004155,2015-01-02,2016-07-01,AGL RESOURCES INC (HOLDING CO),exact,massive name 'AGL RESOURCES INC (HOLDING CO)' -> cik-lookup 'AGL RESOURCES' (exact)
GD,0000040533,2015-01-02,,GENERAL DYNAMICS CORP,current,
GDDY,0001609711,2024-06-24,,GoDaddy Inc.,current,
GE,0000040545,2015-01-02,,GENERAL ELECTRIC CO,current,
GEHC,0001932393,2023-01-04,,GE HealthCare Technologies Inc.,current,
GEN,0000849399,2015-01-02,,Gen Digital Inc.,current,
GEV,0001996810,2024-04-02,,GE Vernova Inc.,current,
GFS,0001709048,2022-12-19,2025-12-22,GLOBALFOUNDRIES Inc.,current,
GGP,0001496048,2015-01-02,2018-08-28,GGP Inc.,exact,massive name 'GGP Inc.' -> cik-lookup 'GGP' (exact)
GILD,0000882095,2015-01-02,,"GILEAD SCIENCES, INC.",current,
GIS,0000040704,2015-01-02,,GENERAL MILLS INC,current,
GL,0000320335,2015-01-02,,GLOBE LIFE INC.,current,
GLW,0000024741,2015-01-02,,CORNING INC /NY,current,
GM,0001467858,2015-01-02,,General Motors Co,current,
GMCR,0000909954,2015-01-02,2016-03-03,"KEURIG GREEN MOUNTAIN, INC.",manual,EDGAR former names GREEN MOUNTAIN COFFEE ROASTERS INC (2003-03-04..2014-03-06) and GREEN MOUNTAIN COFFEE INC; taken private by JAB 2016-03-03; 5 periodic filings inside the span
GME,0001326380,2015-01-02,2016-04-25,GameStop Corp.,current,
GNRC,0001474735,2021-03-22,,GENERAC HOLDINGS INC.,current,
GNW,0001276520,2015-01-02,2015-11-18,GENWORTH FINANCIAL INC,current,
GOOG,0001288776,2015-01-02,2015-10-02,GOOGLE INC.,manual,class C of the same filer as GOOGL; Google Inc until 2015-10-02
GOOG,0001652044,2015-10-02,,ALPHABET INC.,manual,Alphabet holdco reorg 2015-10-02
GOOGL,0001288776,2015-01-02,2015-10-02,GOOGLE INC.,manual,Google Inc was the registrant until the Alphabet holdco reorg closed 2015-10-02
GOOGL,0001652044,2015-10-02,,ALPHABET INC.,manual,Alphabet holdco reorg 2015-10-02
GPC,0000040987,2015-01-02,,GENUINE PARTS CO,current,
GPN,0001123360,2016-04-25,,GLOBAL PAYMENTS INC,current,
GPS,0000039911,2015-01-02,2022-02-02,GAP INC,edgar,
GRMN,0001121788,2015-01-02,,GARMIN LTD,current,
GS,0000886982,2015-01-02,,GOLDMAN SACHS GROUP INC,current,
GT,0000042582,2015-01-02,2019-02-27,GOODYEAR TIRE & RUBBER CO /OH/,current,
GWW,0000277135,2015-01-02,,"W.W. GRAINGER, INC.",current,
HAL,0000045012,2015-01-02,,HALLIBURTON CO,current,
HAR,0000800459,2015-01-02,2017-03-13,HARMAN INTERNATIONAL INDUSTRIES INC /DE/,manual,"the only fuzzy-tier row, and it was wrong: difflib matched Massive's 'Harman International Industries' to cik-lookup 'AMERICAN INTERNATIONAL INDUSTRIES' (0001073146), an unrelated company that filed 4 periodic reports inside the span and so passed the screen -- the same net-not-a-gate failure as LLL and DTV. Harman was acquired by Samsung 2017-03-10; 9 periodic filings inside the span"
HAS,0000046080,2015-01-02,,"HASBRO, INC.",current,
HBAN,0000049196,2015-01-02,,HUNTINGTON BANCSHARES INC /MD/,current,
HBI,0001359841,2015-03-23,2021-12-20,Hanesbrands Inc.,edgar,
HCA,0000860730,2015-01-27,,"HCA Healthcare, Inc.",current,
HCBK,0000921847,2015-01-02,2015-11-02,HUDSON CITY BANCORP INC,exact,massive name 'HUDSON CITY BANCORP INC' -> cik-lookup 'HUDSON CITY BANCORP' (exact)
HD,0000354950,2015-01-02,,"HOME DEPOT, INC.",current,
HES,0000004447,2015-01-02,2025-07-23,HESS CORP,edgar,
HIG,0000874766,2015-01-02,,"HARTFORD INSURANCE GROUP, INC.",current,
HII,0001501585,2018-01-03,,"HUNTINGTON INGALLS INDUSTRIES, INC.",current,
HLT,0001585689,2017-06-19,,Hilton Worldwide Holdings Inc.,current,
HOG,0000793952,2015-01-02,2020-06-22,"HARLEY-DAVIDSON, INC.",current,
HOLX,0000859737,2016-03-30,2026-04-09,HOLOGIC INC,edgar,
HON,0000773840,2015-01-02,,HONEYWELL INTERNATIONAL INC,current,
HONA,0002089271,2026-06-29,,Honeywell Aerospace Inc.,current,
HOOD,0001783879,2025-09-22,,"Robinhood Markets, Inc.",current,
HOT,0000316206,2015-01-02,2016-09-23,"STARWOOD HOTELS & RESORTS WORLDWIDE, INC.",exact,"massive name 'STARWOOD HOTELS & RESORTS WORLDWIDE, INC.' -> cik-lookup 'STARWOOD HOTELS RESORTS WORLDWIDE' (exact)"
HP,0000046765,2015-01-02,2020-05-22,"Helmerich & Payne, Inc.",current,
HPE,0001645590,2015-11-02,,Hewlett Packard Enterprise Co,current,
HPQ,0000047217,2015-01-02,,HP INC,current,
HRB,0000012659,2015-01-02,2020-09-21,H&R BLOCK INC,current,
HRL,0000048465,2015-01-02,,HORMEL FOODS CORP /DE/,current,
HSIC,0001000228,2015-01-02,,HENRY SCHEIN INC,current,
HSP,0001274057,2015-01-02,2015-09-03,HOSPIRA INC,exact,massive name 'HOSPIRA INC' -> cik-lookup 'HOSPIRA' (exact)
HST,0001070750,2015-01-02,,"HOST HOTELS & RESORTS, INC.",current,
HSY,0000047111,2015-01-02,,HERSHEY CO,current,
HUBB,0000048898,2023-10-18,,HUBBELL INC,current,
HUM,0000049071,2015-01-02,,HUMANA INC,current,
HWM,0000004281,2015-01-02,,Howmet Aerospace Inc.,current,
IBKR,0001381197,2025-08-28,,"Interactive Brokers Group, Inc.",current,
IBM,0000051143,2015-01-02,,INTERNATIONAL BUSINESS MACHINES CORP,current,
ICE,0001571949,2015-01-02,,"Intercontinental Exchange, Inc.",current,
IDXX,0000874716,2017-01-05,,IDEXX LABORATORIES INC /DE,current,
IEX,0000832101,2019-08-09,,IDEX CORP /DE/,current,
IFF,0000051253,2015-01-02,,INTERNATIONAL FLAVORS & FRAGRANCES INC,current,
ILMN,0001110803,2015-01-02,,"ILLUMINA, INC.",current,
INCY,0000879169,2015-10-07,,INCYTE CORP,current,
INFO,0001598014,2017-06-02,2022-03-02,IHS Markit Ltd.,manual,EDGAR former name Markit Ltd. (2014-01-27..2016-07-11); merged into S&P Global 2022-02-28; 19 periodic filings inside the span
INSM,0001104506,2025-12-22,2026-06-22,INSMED Inc,current,
INTC,0000050863,2015-01-02,,INTEL CORP,current,
INTU,0000896878,2015-01-02,,INTUIT INC.,current,
INVH,0001687229,2022-09-19,,Invitation Homes Inc.,current,
IP,0000051434,2015-01-02,,INTERNATIONAL PAPER CO /NEW/,current,
IPG,0000051644,2015-01-02,2025-11-28,"INTERPUBLIC GROUP OF COMPANIES, INC.",edgar,
IPGP,0001111928,2018-03-07,2022-06-21,IPG PHOTONICS CORP,current,
IQV,0001478242,2017-08-29,,IQVIA HOLDINGS INC.,current,
IR,0001699150,2015-01-02,,Ingersoll Rand Inc.,current,
IRM,0001020569,2015-01-02,,IRON MOUNTAIN INC,current,
ISRG,0001035267,2015-01-02,,INTUITIVE SURGICAL INC,current,
IT,0000749251,2017-04-05,,GARTNER INC,current,
ITW,0000049826,2015-01-02,,ILLINOIS TOOL WORKS INC,current,
IVZ,0000914208,2015-01-02,,Invesco Ltd.,current,
J,0000052988,2015-01-02,,JACOBS SOLUTIONS INC.,current,
JBHT,0000728535,2015-07-01,,HUNT J B TRANSPORT SERVICES INC,current,
JBL,0000898293,2023-12-18,,JABIL INC,current,
JCI,0000833444,2015-01-02,,Johnson Controls International plc,current,
JD,0001549802,2015-07-29,2023-12-18,"JD.com, Inc.",current,
JEF,0000096223,2015-01-02,2019-09-26,Jefferies Financial Group Inc.,current,
JKHY,0000779152,2018-11-13,,JACK HENRY & ASSOCIATES INC,current,
JNJ,0000200406,2015-01-02,,JOHNSON & JOHNSON,current,
JNPR,0001043604,2015-01-02,2025-07-09,JUNIPER NETWORKS INC,edgar,
JOY,0000801898,2015-01-02,2015-10-08,Joy Global Inc,exact,massive name 'Joy Global Inc' -> cik-lookup 'JOY GLOBAL' (exact)
JPM,0000019617,2015-01-02,,JPMORGAN CHASE & CO,current,
JWN,0000072333,2015-01-02,2020-06-22,NORDSTROM INC,edgar,
K,0000055067,2015-01-02,2025-12-11,KELLANOVA,edgar,
KDP,0001418135,2015-01-02,,Keurig Dr Pepper Inc.,current,
KEY,0000091576,2015-01-02,,KEYCORP /NEW/,current,
KEYS,0001601046,2018-11-06,,"Keysight Technologies, Inc.",current,
KHC,0001637459,2015-07-02,,Kraft Heinz Co,current,
KIM,0000879101,2015-01-02,,KIMCO REALTY CORP,current,
KKR,0001404912,2024-06-24,,KKR & Co. Inc.,current,
KLAC,0000319201,2015-01-02,,KLA CORP,current,
KMB,0000055785,2015-01-02,,KIMBERLY CLARK CORP,current,
KMI,0001506307,2015-01-02,,"KINDER MORGAN, INC.",current,
KMX,0001170010,2015-01-02,2025-10-31,CARMAX INC,current,
KO,0000021344,2015-01-02,,COCA COLA CO,current,
KORS,0001530721,2015-01-02,2018-09-19,Capri Holdings Ltd,manual,"EDGAR former name Michael Kors Holdings Ltd (2011-12-02..2018-12-21); renamed Capri on the Versace deal, same CIK; 15 periodic filings inside the span"
KR,0000056873,2015-01-02,,KROGER CO,current,
KRFT,0001545158,2015-01-02,2015-07-06,"Kraft Foods Group, Inc.",manual,"merged with H.J. Heinz into Kraft Heinz (KHC, its own ever-member) 2015-07-02; 2 periodic filings inside the span"
KSS,0000885639,2015-01-02,2020-09-21,KOHLS Corp,current,
KSU,0000054480,2015-01-02,2021-12-14,Kansas City Southern,exact,massive name 'Kansas City Southern' -> cik-lookup 'KANSAS CITY SOUTHERN' (exact)
KVUE,0001944048,2023-08-25,,Kenvue Inc.,current,
L,0000060086,2015-01-02,,LOEWS CORP,current,
LBTYA,0001570585,2015-01-02,2020-12-21,Liberty Global Ltd.,current,
LBTYK,0001570585,2015-01-02,2020-12-21,Liberty Global Ltd.,current,
LCID,0001811210,2021-12-20,2023-12-18,"Lucid Group, Inc.",current,
LDOS,0001336920,2019-08-09,,"Leidos Holdings, Inc.",current,
LEG,0000058492,2015-01-02,2021-12-20,LEGGETT &amp; PLATT INC,edgar,
LEN,0000920760,2015-01-02,,LENNAR CORP /NEW/,current,
LH,0000920148,2015-01-02,,LABCORP HOLDINGS INC.,current,
LHX,0000202058,2015-01-02,,"L3HARRIS TECHNOLOGIES, INC. /DE/",current,
LII,0001069202,2024-12-23,,LENNOX INTERNATIONAL INC,current,
LILA,0001570585,2015-07-02,2015-12-21,Liberty Global Ltd.,manual,"LiLAC series A was a Liberty Global tracking stock in this window; the ticker now carries Liberty Latin America (0001712184), which was not split off until 2018; 2 periodic filings inside the span"
LILAK,0001570585,2015-07-02,2015-12-21,Liberty Global Ltd.,manual,"LiLAC series C, the same filer as LILA; Liberty Latin America (0001712184) did not exist until the 2018 split-off; 2 periodic filings inside the span"
LIN,0001707925,2018-11-06,,LINDE PLC,current,
LITE,0001633978,2026-03-23,,Lumentum Holdings Inc.,current,
LKQ,0001065696,2016-05-23,2025-12-22,LKQ CORP,current,
LLL,0001039101,2015-01-02,2019-07-01,"L3 TECHNOLOGIES, INC.",manual,"recycled: browse-edgar answers 0001546383 JX Luxventure, which also filed 5 periodic reports inside the span, so the filing screen does NOT catch it; L3 merged with Harris 2019-06-29"
LLTC,0000791907,2015-01-02,2017-03-13,LINEAR TECHNOLOGY CORP /CA/,manual,"name match picked 0001160656 CLEAR TECHNOLOGY INC, an unrelated company with 6 filings ending 2007; Linear Technology is CIK 0000791907, acquired by Analog Devices 2017-03-10; 9 periodic filings inside the span"
LLY,0000059478,2015-01-02,,ELI LILLY & Co,current,
LM,0000704051,2015-01-02,2016-12-02,"Legg Mason, Inc.",exact,"massive name 'Legg Mason, Inc.' -> cik-lookup 'LEGG MASON' (exact)"
LMCA,0001560385,2015-01-02,2016-06-20,Liberty Media Corp,manual,"Liberty Media series A; EDGAR former name Liberty Spinco, Inc.; replaced by the Liberty SiriusXM/Braves/Media tracking stocks in 2016; 6 periodic filings inside the span, visible only in the submissions overflow files; NOT 0001507934 (Starz, traded STRZA) nor 0001355096 (Liberty Interactive, traded LVNTA/QVCA)"
LMCK,0001560385,2015-01-02,2016-06-20,Liberty Media Corp,manual,"Liberty Media series C, the same filer as LMCA; 6 periodic filings inside the span, visible only in the submissions overflow files"
LMT,0000936468,2015-01-02,,LOCKHEED MARTIN CORP,current,
LNC,0000059558,2015-01-02,2023-09-18,LINCOLN NATIONAL CORP,current,
LNT,0000352541,2016-07-01,,ALLIANT ENERGY CORP,current,
LO,0001424847,2015-01-02,2015-06-12,"LORILLARD, LLC",manual,"EDGAR former name LORILLARD, INC. (2008-02-05..2015-06-12); acquired by Reynolds American 2015-06-12; 2 periodic filings inside the span"
LOW,0000060667,2015-01-02,,LOWES COMPANIES INC,current,
LRCX,0000707549,2015-01-02,,LAM RESEARCH CORP,current,
LULU,0001397187,2018-12-24,,lululemon athletica inc.,current,
LUMN,0000018926,2020-09-18,2023-03-20,"Lumen Technologies, Inc.",current,
LUV,0000092380,2015-01-02,,SOUTHWEST AIRLINES CO,current,
LVLT,0000794323,2015-01-02,2017-10-13,Level 3 Communications Inc,exact,massive name 'Level 3 Communications Inc' -> cik-lookup 'LEVEL 3 COMMUNICATIONS' (exact)
LVS,0001300514,2019-10-03,,LAS VEGAS SANDS CORP,current,
LW,0001679273,2018-12-03,2026-03-23,"Lamb Weston Holdings, Inc.",current,
LYB,0001489393,2015-01-02,,LyondellBasell Industries N.V.,current,
LYV,0001335258,2019-12-23,,"Live Nation Entertainment, Inc.",current,
M,0000794367,2015-01-02,2020-04-06,"Macy's, Inc.",current,
MA,0001141391,2015-01-02,,Mastercard Inc,current,
MAA,0000912595,2016-12-02,,MID AMERICA APARTMENT COMMUNITIES INC.,current,
MAC,0000912242,2015-01-02,2019-12-23,MACERICH CO,current,
MAR,0001048286,2015-01-02,,MARRIOTT INTERNATIONAL INC /MD/,current,
MAS,0000062996,2015-01-02,,MASCO CORP /DE/,current,
MAT,0000063276,2015-01-02,2019-06-07,MATTEL INC /DE/,current,
MCD,0000063908,2015-01-02,,MCDONALDS CORP,current,
MCHP,0000827054,2015-01-02,,MICROCHIP TECHNOLOGY INC,current,
MCK,0000927653,2015-01-02,,MCKESSON CORP,current,
MCO,0001059556,2015-01-02,,MOODYS CORP /DE/,current,
MDB,0001441816,2023-12-18,2025-05-19,"MongoDB, Inc.",current,
MDLZ,0001103982,2015-01-02,,"Mondelez International, Inc.",current,
MDT,0001613103,2015-01-02,,Medtronic plc,current,
MELI,0001099590,2017-06-19,,MERCADOLIBRE INC,current,
MET,0001099219,2015-01-02,,METLIFE INC,current,
META,0001326801,2015-01-02,,"Meta Platforms, Inc.",current,
MGM,0000789570,2017-07-26,,MGM Resorts International,current,
MHK,0000851968,2015-01-02,2025-12-22,MOHAWK INDUSTRIES INC,current,
MJN,0001452575,2015-01-02,2017-06-15,Mead Johnson Nutrition Co,manual,"two CIKs carry the name: 0001444904 filed only 4 documents in 2008; the listed issuer is 0001452575, acquired by Reckitt Benckiser 2017-06-15; 10 periodic filings inside the span"
MKC,0000063754,2015-01-02,,MCCORMICK & CO INC,current,
MKTX,0001278021,2019-07-01,2025-09-22,MARKETAXESS HOLDINGS INC,current,
MLM,0000916076,2015-01-02,,MARTIN MARIETTA MATERIALS INC,current,
MMM,0000066740,2015-01-02,,3M CO,current,
MNK,0001567892,2015-01-02,2017-07-26,Keenova Therapeutics plc,manual,"name match picked 0000051396 MALLINCKRODT INC /MO (former IMCERA GROUP), whose filings end 2001; the index member is CIK 0001567892, EDGAR former name Mallinckrodt plc (2013-02-01..2025-11-10); 9 periodic filings inside the span"
MNST,0000865752,2015-01-02,,Monster Beverage Corp,current,
MO,0000764180,2015-01-02,,"ALTRIA GROUP, INC.",current,
MOH,0001179929,2022-03-02,2026-03-23,"MOLINA HEALTHCARE, INC.",current,
MON,0001110783,2015-01-02,2018-06-07,MONSANTO CO /NEW/,manual,recycled: browse-edgar answers 0001828325 Monument Circle Acquisition Corp; Monsanto was acquired by Bayer 2018-06-07
MOS,0001285785,2015-01-02,,MOSAIC CO,current,
MPC,0001510295,2015-01-02,,Marathon Petroleum Corp,current,
MPWR,0001280452,2021-02-12,,"MONOLITHIC POWER SYSTEMS, INC.",current,
MRK,0000310158,2015-01-02,,"Merck & Co., Inc.",current,
MRNA,0001682852,2020-07-20,,"Moderna, Inc.",current,
MRO,0000101778,2015-01-02,2024-11-26,MARATHON OIL CORP,edgar,
MRSH,0000062709,2015-01-02,,"MARSH & MCLENNAN COMPANIES, INC.",current,
MRVL,0001835632,2020-12-21,,"Marvell Technology, Inc.",current,
MS,0000895421,2015-01-02,,MORGAN STANLEY,current,
MSCI,0001408198,2018-04-04,,MSCI Inc.,current,
MSFT,0000789019,2015-01-02,,MICROSOFT CORP,current,
MSI,0000068505,2015-01-02,,"Motorola Solutions, Inc.",current,
MSTR,0001050446,2024-12-23,,Strategy Inc,current,
MTB,0000036270,2015-01-02,,M&T BANK CORP,current,
MTCH,0000891103,2020-12-21,2026-03-23,"Match Group, Inc.",current,
MTD,0001037646,2016-09-06,,METTLER TOLEDO INTERNATIONAL INC/,current,
MU,0000723125,2015-01-02,,MICRON TECHNOLOGY INC,current,
MUR,0000717423,2015-01-02,2017-07-26,MURPHY OIL CORP,current,
MWV,0001159297,2015-01-02,2015-07-02,MEADWESTVACO CORP,exact,massive name 'MEADWESTVACO CORP' -> cik-lookup 'MEADWESTVACO' (exact)
MXIM,0000743316,2015-12-21,2021-08-30,Maxim Integrated Products,exact,massive name 'Maxim Integrated Products' -> cik-lookup 'MAXIM INTEGRATED PRODUCTS' (exact)
NAVI,0001593538,2015-01-02,2018-06-05,NAVIENT CORP,current,
NBIS,0001513845,2026-06-22,,Nebius Group N.V.,current,
NBL,0000072207,2015-01-02,2020-10-12,"Noble Energy, Inc.",exact,"massive name 'Noble Energy, Inc.' -> cik-lookup 'NOBLE ENERGY' (exact)"
NBR,0001163739,2015-01-02,2015-03-23,NABORS INDUSTRIES LTD,current,
NCLH,0001513761,2015-12-21,,Norwegian Cruise Line Holdings Ltd.,current,
NDAQ,0001120193,2015-01-02,,"NASDAQ, INC.",current,
NDOI,NONE,2015-01-02,2016-07-18,,manual,"phantom ticker in the Wikipedia-derived ndx_history.csv: present in every snapshot 2007-02-01..2016-07-18, always between MSFT and NIHD. No EDGAR filer exists - absent from company_tickers.json, from browse-edgar's ticker lookup, from cik-lookup-data.txt and from all 21250 of Massive's delisted US tickers. The same file carries NLTI, a transposition of NTLI (NTL Inc), so mangled tickers are a known defect of this source. A membership_overrides.csv correction belongs to the membership owner, not to this phase"
NDSN,0000072331,2022-02-15,,NORDSON CORP,current,
NE,0001458891,2015-01-02,2015-07-20,Noble Corp,manual,"recycled across a reorganisation: the ticker now carries Noble Corp plc 0001895262 (filings start 2021-12-20, former Noble Finco Ltd); the filer in this window is CIK 0001458891, EDGAR former names Noble Corp / Switzerland and Noble Corp plc; 2 periodic filings inside the span"
NEE,0000753308,2015-01-02,,NEXTERA ENERGY INC,current,
NEM,0001164727,2015-01-02,,NEWMONT Corp /DE/,current,
NFLX,0001065280,2015-01-02,,NETFLIX INC,current,
NFX,0000912750,2015-01-02,2019-02-15,NEWFIELD EXPLORATION CO /DE/,manual,acquired by Encana 2019-02-13; 16 periodic filings inside the span
NI,0001111711,2015-01-02,,NISOURCE INC.,current,
NKE,0000320187,2015-01-02,,"NIKE, Inc.",current,
NKTR,0000906709,2018-03-19,2019-10-03,NEKTAR THERAPEUTICS,current,
NLSN,0001492633,2015-01-02,2022-10-12,Nielsen Holdings plc,edgar,
NOC,0001133421,2015-01-02,,NORTHROP GRUMMAN CORP /DE/,current,
NOV,0001021860,2015-01-02,2021-09-20,NOV Inc.,current,
NOW,0001373715,2019-11-21,,"ServiceNow, Inc.",current,
NRG,0001013871,2015-01-02,,"NRG ENERGY, INC.",current,
NSC,0000702165,2015-01-02,,NORFOLK SOUTHERN CORP,current,
NTAP,0001002047,2015-01-02,,"NetApp, Inc.",current,
NTES,0001110646,2016-03-16,2022-12-19,"NetEase, Inc.",current,
NTRS,0000073124,2015-01-02,,NORTHERN TRUST CORP,current,
NUE,0000073309,2015-01-02,,NUCOR CORP,current,
NVDA,0001045810,2015-01-02,,NVIDIA CORP,current,
NVR,0000906163,2019-09-26,,NVR INC,current,
NWL,0000814453,2015-01-02,2023-09-18,NEWELL BRANDS INC.,current,
NWS,0001564708,2015-09-21,,NEWS CORP,current,
NWSA,0001564708,2015-01-02,,NEWS CORP,current,
NXPI,0001413447,2015-01-02,,NXP Semiconductors N.V.,current,
O,0000726728,2015-04-07,,REALTY INCOME CORP,current,
ODFL,0000878927,2019-12-09,,"OLD DOMINION FREIGHT LINE, INC.",current,
OGN,0001821825,2021-06-04,2023-10-18,Organon & Co.,current,
OI,0000812074,2015-01-02,2016-12-02,"O-I Glass, Inc. /DE/",current,
OKE,0001039684,2015-01-02,,ONEOK INC /NEW/,current,
OKTA,0001660134,2020-12-21,2022-11-21,"Okta, Inc.",current,
OMC,0000029989,2015-01-02,,OMNICOM GROUP INC.,current,
ON,0001097864,2022-06-21,,ON SEMICONDUCTOR CORP,current,
ORCL,0001341439,2015-01-02,,ORACLE CORP,current,
ORLY,0000898173,2015-01-02,,O REILLY AUTOMOTIVE INC,current,
OTIS,0001781335,2020-04-03,,Otis Worldwide Corp,current,
OXY,0000797468,2015-01-02,,OCCIDENTAL PETROLEUM CORP /DE/,current,
P,0001474432,2026-09-21,,"Everpure, Inc.",current,
PANW,0001327567,2021-12-20,,Palo Alto Networks Inc,current,
PAYC,0001590955,2020-01-28,2026-03-23,"Paycom Software, Inc.",current,
PAYX,0000723531,2015-01-02,,PAYCHEX INC,current,
PBCT,0001378946,2015-01-02,2022-04-04,People's United Financial Inc,exact,"massive name ""People's United Financial Inc"" -> cik-lookup 'PEOPLE S UNITED FINANCIAL' (exact)"
PBI,0000078814,2015-01-02,2017-03-01,PITNEY BOWES INC /DE/,current,
PCAR,0000075362,2015-01-02,,PACCAR INC,current,
PCG,0001004980,2015-01-02,,PG&E Corp,current,
PCL,0000849213,2015-01-02,2016-02-22,PLUM CREEK TIMBER CO INC,manual,merged into Weyerhaeuser 2016-02-19; 5 periodic filings inside the span
PCP,0000079958,2015-01-02,2016-02-01,PRECISION CASTPARTS CORP,exact,massive name 'PRECISION CASTPARTS CORP' -> cik-lookup 'PRECISION CASTPARTS' (exact)
PDCO,0000891024,2015-01-02,2018-03-19,"PATTERSON COMPANIES, INC.",edgar,
PDD,0001737806,2020-08-24,,PDD Holdings Inc.,current,
PEG,0000788784,2015-01-02,,PUBLIC SERVICE ENTERPRISE GROUP INC,current,
PENN,0000921738,2021-03-22,2022-09-19,"PENN Entertainment, Inc.",current,
PEP,0000077476,2015-01-02,,PEPSICO INC,current,
PETM,0000863157,2015-01-02,2015-03-12,PETSMART INC,manual,"name match picked 0001088628 PETSMART COM INC, the dot-com subsidiary with 2 filings in 2000; the index member is CIK 0000863157, taken private by BC Partners 2015-03-11. No periodic filing falls inside the 10-week span because the FY2014 10-K was due after the buyout, so this symbol is also in SCREEN_EXEMPT"
PFE,0000078003,2015-01-02,,PFIZER INC,current,
PFG,0001126328,2015-01-02,,PRINCIPAL FINANCIAL GROUP INC,current,
PG,0000080424,2015-01-02,,PROCTER & GAMBLE Co,current,
PGR,0000080661,2015-01-02,,PROGRESSIVE CORP/OH/,current,
PH,0000076334,2015-01-02,,Parker-Hannifin Corp,current,
PHM,0000822416,2015-01-02,,PULTEGROUP INC/MI/,current,
PKG,0000075677,2017-07-26,,PACKAGING CORP OF AMERICA,current,
PLD,0001045609,2015-01-02,,"Prologis, Inc.",current,
PLL,0000075829,2015-01-02,2015-08-31,PALL CORP,manual,recycled: browse-edgar answers 0001728205 Piedmont Lithium; Pall Corp was acquired by Danaher 2015-08-31
PLTR,0001321655,2024-09-23,,Palantir Technologies Inc.,current,
PM,0001413329,2015-01-02,,Philip Morris International Inc.,current,
PNC,0000713676,2015-01-02,,"PNC FINANCIAL SERVICES GROUP, INC.",current,
PNR,0000077360,2015-01-02,,PENTAIR plc,current,
PNW,0000764622,2015-01-02,,PINNACLE WEST CAPITAL CORP,current,
PODD,0001145197,2023-03-15,,INSULET CORP,current,
POM,0001135971,2015-01-02,2016-03-24,PEPCO HOLDINGS LLC,manual,"recycled: the ticker now carries POMDOCTOR Ltd (0001877971, filings start 2021-09-30); Pepco Holdings (EDGAR former name PEPCO HOLDINGS INC) was acquired by Exelon 2016-03-23; 5 periodic filings inside the span"
POOL,0000945841,2020-10-07,2026-06-22,POOL CORP,current,
PPG,0000079879,2015-01-02,,PPG INDUSTRIES INC,current,
PPL,0000922224,2015-01-02,,PPL Corp,current,
PRGO,0001585364,2015-01-02,2021-09-20,PERRIGO Co plc,current,
PRU,0001137774,2015-01-02,,PRUDENTIAL FINANCIAL INC,current,
PSA,0001393311,2015-01-02,,Public Storage,current,
PSKY,0002041610,2015-01-02,,Paramount Skydance Corp,current,
PSX,0001534701,2015-01-02,,Phillips 66,current,
PTC,0000857005,2021-04-20,,PTC INC.,current,
PTON,0001639825,2020-12-21,2022-01-24,"PELOTON INTERACTIVE, INC.",current,
PVH,0000078239,2015-01-02,2022-09-19,PVH CORP. /DE/,current,
PWR,0001050915,2015-01-02,,"QUANTA SERVICES, INC.",current,
PX,0000884905,2015-01-02,2018-10-31,LINDE INC,manual,"recycled: the ticker now carries Ridgepost Capital (0001841968, former P10 Inc); EDGAR former name PRAXAIR INC (1995-02-14..2022-02-03) on the same CIK, merged into Linde 2018-10-31; 15 periodic filings inside the span"
PXD,0001038357,2015-01-02,2024-05-08,PIONEER NATURAL RESOURCES CO,edgar,
PYPL,0001633917,2015-07-20,,"PayPal Holdings, Inc.",current,
Q,0002058873,2025-11-03,,"Qnity Electronics, Inc.",current,
QCOM,0000804328,2015-01-02,,QUALCOMM INC/DE,current,
QEP,0001108827,2015-01-02,2015-07-01,"QEP RESOURCES, INC.",exact,"massive name 'QEP RESOURCES, INC.' -> cik-lookup 'QEP RESOURCES' (exact)"
QRTEA,0001355096,2015-01-02,2018-12-24,"Old QVC Group, Inc.",edgar,
QRVO,0001604778,2015-06-12,2024-12-23,"Qorvo, Inc.",current,
R,0000085961,2015-01-02,2017-06-19,RYDER SYSTEM INC,current,
RAI,0001275283,2015-01-02,2017-07-25,Reynolds American Inc,exact,massive name 'Reynolds American Inc' -> cik-lookup 'REYNOLDS AMERICAN' (exact)
RCL,0000884887,2015-01-02,,ROYAL CARIBBEAN CRUISES LTD,current,
RDDT,0001713445,2026-08-18,,"Reddit, Inc.",current,
REG,0000910606,2017-03-02,,REGENCY CENTERS CORP,current,
REGN,0000872589,2015-01-02,,"REGENERON PHARMACEUTICALS, INC.",current,
RF,0001281761,2015-01-02,,REGIONS FINANCIAL CORP,current,
RHI,0000315213,2015-01-02,2024-06-24,ROBERT HALF INC.,current,
RHT,0001087423,2015-01-02,2019-07-15,Red Hat Inc,exact,massive name 'Red Hat Inc' -> cik-lookup 'RED HAT' (exact)
RIG,0001451505,2015-01-02,2017-07-26,Transocean Ltd.,current,
RIVN,0001874178,2022-12-19,2023-06-20,"Rivian Automotive, Inc. / DE",current,
RJF,0000720005,2017-03-20,,RAYMOND JAMES FINANCIAL INC,current,
RKLB,0001819994,2026-06-22,,Rocket Lab Corp,current,
RL,0001037038,2015-01-02,,RALPH LAUREN CORP,current,
RMD,0000943819,2017-07-26,,RESMED INC,current,
ROK,0001024478,2015-01-02,,"ROCKWELL AUTOMATION, INC",current,
ROL,0000084839,2018-10-01,,ROLLINS INC,current,
ROP,0000882835,2015-01-02,,ROPER TECHNOLOGIES INC,current,
ROST,0000745732,2015-01-02,,"ROSS STORES, INC.",current,
RRC,0000315852,2015-01-02,2018-06-18,RANGE RESOURCES CORP,current,
RSG,0001060391,2015-01-02,,"REPUBLIC SERVICES, INC.",current,
RTN,0001047122,2015-01-02,2020-04-06,RAYTHEON CO/,manual,"name match picked 0000082267 RAYTHEON CO, the pre-1997 entity whose filings end 2013-03-25; the index member is CIK 0001047122 (EDGAR former name HE HOLDINGS INC), merged with United Technologies into Raytheon Technologies 2020-04-03; 21 periodic filings inside the span"
RTX,0000101829,2015-01-02,,RTX Corp,current,
RVTY,0000031791,2015-01-02,,"REVVITY, INC.",current,
SATS,0001415404,2026-03-23,2026-06-24,EchoStar CORP,edgar,
SBAC,0001034054,2015-01-02,,SBA COMMUNICATIONS CORP,current,
SBNY,0001288784,2021-12-20,2023-03-15,Signature Bank Corp,edgar,
SBUX,0000829224,2015-01-02,,STARBUCKS CORP,current,
SCG,0000754737,2015-01-02,2019-01-02,Scana,exact,massive name 'Scana' -> cik-lookup 'SCANA' (exact)
SCHW,0000316709,2015-01-02,,SCHWAB CHARLES CORP,current,
SE,0001373835,2015-01-02,2017-02-27,Spectra Energy Corp.,manual,"recycled: the ticker now carries Sea Ltd (0001703399, filings start 2017-04-24); Spectra Energy merged into Enbridge 2017-02-27; 9 periodic filings inside the span"
SEDG,0001419612,2021-12-20,2023-12-18,"SOLAREDGE TECHNOLOGIES, INC.",current,
SEE,0001012100,2015-01-02,2023-12-18,SEALED AIR CORP/DE,edgar,
SGEN,0001060736,2019-12-23,2023-12-14,Seagen Inc.,edgar,
SHOP,0001594805,2025-05-19,,SHOPIFY INC.,current,
SHPG,0000936402,2016-10-19,2018-12-24,Shire plc,manual,"EDGAR former names Shire Ltd. and SHIRE PHARMACEUTICALS GROUP PLC; acquired by Takeda, ADSs delisted 2018-12-24; 9 periodic filings inside the span; Massive's name for this ticker is the OCR artifact 'Shire pic', which is why the automated name match failed"
SHW,0000089800,2015-01-02,,SHERWIN WILLIAMS CO,current,
SIAL,0000090185,2015-01-02,2015-11-18,SIGMA - ALDRICH CORP,exact,massive name 'SIGMA - ALDRICH CORP' -> cik-lookup 'SIGMA ALDRICH' (exact)
SIG,0000832988,2015-07-29,2018-03-19,SIGNET JEWELERS LTD,current,
SIRI,0000908937,2015-01-02,2024-06-24,SIRIUS XM HOLDINGS INC.,current,
SIVB,0000719739,2018-03-19,2023-03-15,SVB FINANCIAL GROUP,edgar,
SJM,0000091419,2015-01-02,,J M SMUCKER Co,current,
SLB,0000087347,2015-01-02,,SLB LIMITED/NV,current,
SLG,0001040971,2015-03-23,2021-03-22,SL GREEN REALTY CORP,current,
SMCI,0001375365,2024-03-18,,"Super Micro Computer, Inc.",current,
SNA,0000091440,2015-01-02,,Snap-on Inc,current,
SNDK,0002023554,2015-01-02,,Sandisk Corp,current,
SNI,0001430602,2015-01-02,2018-03-07,"Scripps Networks Interactive, Inc.",manual,acquired by Discovery 2018-03-06; 13 periodic filings inside the span
SNPS,0000883241,2017-03-16,,SYNOPSYS INC,current,
SO,0000092122,2015-01-02,,SOUTHERN CO,current,
SOLS,0002064953,2025-10-30,2025-12-22,Solstice Advanced Materials Inc.,current,
SOLV,0001964738,2024-04-01,,Solventum Corp,current,
SPCX,0001181412,2026-07-07,,SPACE EXPLORATION TECHNOLOGIES CORP,current,
SPG,0001063761,2015-01-02,,SIMON PROPERTY GROUP INC.,current,
SPGI,0000064040,2015-01-02,,S&P Global Inc.,current,
SPLK,0001353283,2019-12-23,2024-03-18,SPLUNK INC,edgar,
SPLS,0000791519,2015-01-02,2017-09-13,STAPLES INC,manual,taken private by Sycamore Partners 2017-09-12; 11 periodic filings inside the span
SRCL,0000861878,2015-01-02,2018-12-03,STERICYCLE INC,edgar,
SRE,0001032208,2015-01-02,,SEMPRA,current,
STE,0001757898,2019-12-23,,STERIS plc,current,
STI,0000750556,2015-01-02,2019-12-09,SUNTRUST BANKS INC,manual,"recycled: the ticker now carries Solidion Technology (0001881551, former Nubia Brand International Corp); SunTrust merged with BB&T into Truist 2019-12-06; 20 periodic filings inside the span"
STJ,0000203077,2015-01-02,2017-01-05,St Jude Medical,exact,massive name 'St Jude Medical' -> cik-lookup 'ST JUDE MEDICAL' (exact)
STLD,0001022671,2022-12-22,,STEEL DYNAMICS INC,current,
STT,0000093751,2015-01-02,,STATE STREET CORP,current,
STX,0001137789,2015-01-02,,Seagate Technology Holdings plc,current,
STZ,0000016918,2015-01-02,,"CONSTELLATION BRANDS, INC.",current,
SW,0002005951,2024-07-08,,Smurfit Westrock plc,current,
SWK,0000093556,2015-01-02,,"STANLEY BLACK & DECKER, INC.",current,
SWKS,0000004127,2015-03-12,,"SKYWORKS SOLUTIONS, INC.",current,
SWN,0000007332,2015-01-02,2017-04-04,SOUTHWESTERN ENERGY CO,edgar,
SWY,0000086144,2015-01-02,2015-01-27,SAFEWAY INC,exact,massive name 'SAFEWAY INC' -> cik-lookup 'SAFEWAY' (exact)
SYF,0001601712,2015-11-18,,Synchrony Financial,current,
SYK,0000310764,2015-01-02,,STRYKER CORP,current,
SYY,0000096021,2015-01-02,,SYSCO CORP,current,
T,0000732717,2015-01-02,,AT&T INC.,current,
TAP,0000024545,2015-01-02,2026-09-21,MOLSON COORS BEVERAGE CO,current,
TCOM,0001269238,2015-12-21,2021-12-20,Trip.com Group Ltd,current,
TDC,0000816761,2015-01-02,2017-06-19,TERADATA CORP /DE/,current,
TDG,0001260221,2016-06-03,,TransDigm Group INC,current,
TDY,0001094285,2020-06-22,,TELEDYNE TECHNOLOGIES INC,current,
TE,0000350563,2015-01-02,2016-07-01,TECO ENERGY INC,manual,"recycled: the ticker now carries T1 Energy (0001992243, former FREYR Battery); TECO Energy was acquired by Emera 2016-07-01; 6 periodic filings inside the span"
TEAM,0001650372,2020-12-21,2026-04-20,Atlassian Corp,current,
TECH,0000842023,2021-08-30,,BIO-TECHNE Corp,current,
TEG,0000916863,2015-01-02,2015-06-30,"INTEGRYS HOLDING, INC.",manual,"EDGAR former names INTEGRYS ENERGY GROUP, INC. (2007-02-23..2015-06-29) and WPS RESOURCES CORP; acquired by Wisconsin Energy 2015-06-29; 2 periodic filings inside the span"
TEL,0001385157,2015-01-02,,TE Connectivity plc,current,
TER,0000097210,2020-09-21,,"TERADYNE, INC",current,
TFC,0000092230,2015-01-02,,TRUIST FINANCIAL CORP,current,
TFX,0000096943,2019-01-18,2025-03-24,TELEFLEX INC,current,
TGNA,0000039899,2015-01-02,2017-06-02,TEGNA INC,edgar,
TGT,0000027419,2015-01-02,,TARGET CORP,current,
THC,0000070318,2015-01-02,2016-04-18,TENET HEALTHCARE CORP,current,
TIF,0000098246,2015-01-02,2021-01-07,Tiffany & Co.,exact,massive name 'Tiffany & Co.' -> cik-lookup 'TIFFANY' (exact)
TJX,0000109198,2015-01-02,,TJX COMPANIES INC /DE/,current,
TKO,0001973266,2025-03-24,,"TKO Group Holdings, Inc.",current,
TMO,0000097745,2015-01-02,,THERMO FISHER SCIENTIFIC INC.,current,
TMUS,0001283699,2015-12-21,,"T-Mobile US, Inc.",current,
TPL,0001811074,2024-11-26,,Texas Pacific Land Corp,current,
TPR,0001116132,2015-01-02,,"TAPESTRY, INC.",current,
TRGP,0001389170,2022-10-12,,Targa Resources Corp.,current,
TRI,0001075124,2025-07-28,,THOMSON REUTERS CORP /CAN/,current,
TRIP,0001526520,2015-01-02,2019-12-23,"TripAdvisor, Inc.",current,
TRMB,0000864749,2021-01-21,,TRIMBLE INC.,current,
TROW,0001113169,2015-01-02,,PRICE T ROWE GROUP INC,current,
TRV,0000086312,2015-01-02,,"TRAVELERS COMPANIES, INC.",current,
TSCO,0000916365,2015-01-02,,TRACTOR SUPPLY CO /DE/,current,
TSLA,0001318605,2015-01-02,,"Tesla, Inc.",current,
TSN,0000100493,2015-01-02,,"TYSON FOODS, INC.",current,
TSS,0000721683,2015-01-02,2019-09-23,"Total System Services, Inc.",exact,"massive name 'Total System Services, Inc.' -> cik-lookup 'TOTAL SYSTEM SERVICES' (exact)"
TT,0001466258,2020-03-03,,Trane Technologies plc,current,
TTD,0001671933,2023-07-17,2026-09-21,"Trade Desk, Inc.",current,
TTWO,0000946581,2017-12-18,,TAKE TWO INTERACTIVE SOFTWARE INC,current,
TWC,0001377013,2015-01-02,2016-05-18,"SPECTRUM MANAGEMENT HOLDING COMPANY, LLC",manual,EDGAR former name TIME WARNER CABLE INC. (2006-10-18..2016-06-01); acquired by Charter 2016-05-18 on the same CIK; 6 periodic filings inside the span
TWTR,0001418091,2018-06-07,2022-11-01,"TWITTER, INC.",edgar,
TWX,0001105705,2015-01-02,2018-06-15,"WARNER MEDIA, LLC",manual,"name match picked 0000736157 TIME WARNER COMPANIES INC, whose filings end 2006; the index member is CIK 0001105705, EDGAR former names AOL TIME WARNER INC then TIME WARNER INC., acquired by AT&T 2018-06-14; 14 periodic filings inside the span"
TXN,0000097476,2015-01-02,,TEXAS INSTRUMENTS INC,current,
TXT,0000217346,2015-01-02,,TEXTRON INC,current,
TYL,0000860731,2020-06-22,,TYLER TECHNOLOGIES INC,current,
UA,0001336917,2016-04-08,2022-06-21,"Under Armour, Inc.",current,
UAA,0001336917,2015-01-02,2022-06-21,"Under Armour, Inc.",current,
UAL,0000100517,2015-09-03,,"United Airlines Holdings, Inc.",current,
UBER,0001543151,2023-12-18,,"Uber Technologies, Inc",current,
UDR,0000074208,2016-03-07,,"UDR, Inc.",current,
UHS,0000352915,2015-01-02,,UNIVERSAL HEALTH SERVICES INC,current,
ULTA,0001403568,2015-12-21,,"Ulta Beauty, Inc.",current,
UNH,0000731766,2015-01-02,,UNITEDHEALTH GROUP INC,current,
UNM,0000005513,2015-01-02,2021-09-20,Unum Group,current,
UNP,0000100885,2015-01-02,,UNION PACIFIC CORP,current,
UPS,0001090727,2015-01-02,,UNITED PARCEL SERVICE INC,current,
URBN,0000912615,2015-01-02,2017-03-20,URBAN OUTFITTERS INC,current,
URI,0001067701,2015-01-02,,"UNITED RENTALS, INC.",current,
USB,0000036104,2015-01-02,,US BANCORP DE,current,
V,0001403161,2015-01-02,,VISA INC.,current,
VAR,0000203527,2015-01-02,2021-04-20,"Varian Medical Systems, Inc.",exact,"massive name 'Varian Medical Systems, Inc.' -> cik-lookup 'VARIAN MEDICAL SYSTEMS' (exact)"
VEEV,0001393052,2026-05-07,,VEEVA SYSTEMS INC,current,
VFC,0000103379,2015-01-02,2024-04-01,V F CORP,current,
VIAB,0001339947,2015-01-02,2019-12-05,Viacom Inc. Class B,exact,massive name 'Viacom Inc. Class B' -> cik-lookup 'VIACOM' (exact)
VICI,0001705696,2022-06-08,,VICI PROPERTIES INC.,current,
VIP,0001468091,2015-01-02,2015-12-21,VEON Ltd.,manual,"recycled: the ticker now carries Vulcan Infrastructure & Power (0001844971, former Greenidge Generation); VimpelCom Ltd (EDGAR former name of this CIK until 2017-03-28) is the filer for this window; 1 periodic filing inside the span (20-F, a foreign private issuer)"
VLO,0001035002,2015-01-02,,VALERO ENERGY CORP/TX,current,
VLTO,0001967680,2023-10-02,,Veralto Corp,current,
VMC,0001396009,2015-01-02,,Vulcan Materials CO,current,
VMRK,0000906107,2026-08-18,,VIVMARK RESIDENTIAL,current,
VNO,0000899689,2015-01-02,2023-01-04,VORNADO REALTY TRUST,current,
VNT,0001786842,2020-10-12,2021-03-22,Vontier Corp,current,
VOD,0000839923,2015-01-02,2018-12-24,VODAFONE GROUP PUBLIC LTD CO,current,
VRSK,0001442145,2015-01-02,,"Verisk Analytics, Inc.",current,
VRSN,0001014473,2015-01-02,,VERISIGN INC/CA,current,
VRT,0001674101,2026-03-23,,Vertiv Holdings Co,current,
VRTX,0000875320,2015-01-02,,VERTEX PHARMACEUTICALS INC / MA,current,
VSNT,0002067876,2026-01-05,2026-01-09,"Versant Media Group, Inc.",current,
VST,0001692819,2024-05-08,,Vistra Corp.,current,
VTR,0000740260,2015-01-02,,"Ventas, Inc.",current,
VTRS,0001792044,2015-01-02,,Viatris Inc,current,
VZ,0000732712,2015-01-02,,VERIZON COMMUNICATIONS INC,current,
WAB,0000943452,2019-02-27,,WESTINGHOUSE AIR BRAKE TECHNOLOGIES CORP,current,
WAT,0001000697,2015-01-02,,WATERS CORP /DE/,current,
WBA,0001618921,2015-01-02,2025-08-28,"Walgreens Boots Alliance, Inc.",edgar,
WBD,0001437107,2015-01-02,,"Warner Bros. Discovery, Inc.",current,
WCG,0001279363,2018-09-17,2020-01-28,"Wellcare Health Plans, Inc.",exact,"massive name 'Wellcare Health Plans, Inc.' -> cik-lookup 'WELLCARE HEALTH PLANS' (exact)"
WDAY,0001327811,2017-12-18,,"Workday, Inc.",current,
WDC,0000106040,2015-01-02,,WESTERN DIGITAL CORP,current,
WEC,0000783325,2015-01-02,,"WEC ENERGY GROUP, INC.",current,
WELL,0000766704,2015-01-02,,WELLTOWER INC.,current,
WFC,0000072971,2015-01-02,,WELLS FARGO & COMPANY/MN,current,
WFM,0000865436,2015-01-02,2017-08-28,WHOLE FOODS MARKET INC,manual,"name match picked 0001681416 Whole Foods Market Group, Inc., a subsidiary with 8 registration-statement filings; the index member is CIK 0000865436, acquired by Amazon 2017-08-28; 11 periodic filings inside the span"
WFMI,0000865436,2015-01-02,2016-12-19,WHOLE FOODS MARKET INC,manual,"the pre-alias spelling of WFM, the same filer; name match picked the subsidiary 0001681416; 8 periodic filings inside the span"
WHR,0000106640,2015-01-02,2024-03-18,WHIRLPOOL CORP /DE/,current,
WIN,0001282266,2015-01-02,2015-04-07,Windstream Holdings Inc,exact,massive name 'Windstream Holdings Inc' -> cik-lookup 'WINDSTREAM' (exact)
WM,0000823768,2015-01-02,,WASTE MANAGEMENT INC,current,
WMB,0000107263,2015-01-02,,"WILLIAMS COMPANIES, INC.",current,
WMT,0000104169,2015-01-02,,Walmart Inc.,current,
WRB,0000011544,2019-12-05,,BERKLEY W R CORP,current,
WRK,0001636023,2015-07-02,2018-11-02,WRKCo Inc.,manual,"WestRock Co until the KapStone close on 2018-11-02, then renamed WRKCo Inc."
WRK,0001732845,2018-11-02,2024-07-08,WestRock Co,manual,Whiskey Holdco became the WestRock registrant at the 2018-11-02 KapStone close; acquired by Smurfit Kappa 2024-07-05
WSM,0000719955,2025-03-24,,WILLIAMS SONOMA INC,current,
WST,0000105770,2020-05-22,,WEST PHARMACEUTICAL SERVICES INC,current,
WTW,0001140536,2016-01-05,,WILLIS TOWERS WATSON PLC,current,
WU,0001365135,2015-01-02,2021-12-20,Western Union CO,current,
WY,0000106535,2015-01-02,,WEYERHAEUSER CO,current,
WYND,0001361658,2015-01-02,2018-05-31,Travel & Leisure Co.,manual,"EDGAR former names WYNDHAM WORLDWIDE CORP (2006-05-11..2018-05-23) and Wyndham Destinations, Inc. (2018-05-31..2021-02-16); the hotel business spun off as WH 2018-05-31 and the rump kept this CIK; 14 periodic filings inside the span, visible only in the submissions overflow files"
WYNN,0001174922,2015-01-02,,WYNN RESORTS LTD,current,
XEC,0001168054,2015-01-02,2020-03-03,CIMAREX ENERGY CO,exact,massive name 'CIMAREX ENERGY CO' -> cik-lookup 'CIMAREX ENERGY' (exact)
XEL,0000072903,2015-01-02,,XCEL ENERGY INC,current,
XL,0000875159,2015-01-02,2018-09-12,XL GROUP LTD,manual,"recycled: the ticker now carries Spruce Power Holding (0001772720, former XL Fleet Corp / Pivotal Investment Corp II); XL Group (EDGAR former names XL GROUP PLC, XL CAPITAL LTD, EXEL LTD) was acquired by AXA 2018-09-12; 15 periodic filings inside the span"
XLNX,0000743988,2015-01-02,2022-02-22,Xilinx Inc,exact,massive name 'Xilinx Inc' -> cik-lookup 'XILINX' (exact)
XOM,0002115436,2015-01-02,,ExxonMobil Holdings Corp,current,
XRAY,0000818479,2015-01-02,2024-04-02,DENTSPLY SIRONA Inc.,current,
XRX,0001770450,2015-01-02,2021-03-22,Xerox Holdings Corp,current,
XYL,0001524472,2015-01-02,,Xylem Inc.,current,
XYZ,0001512673,2025-07-23,,"Block, Inc.",current,
YHOO,0001011006,2015-01-02,2017-06-19,Yahoo Inc,exact,massive name 'Yahoo Inc' -> cik-lookup 'YAHOO' (exact)
YUM,0001041061,2015-01-02,,YUM BRANDS INC,current,
ZBH,0001136869,2015-01-02,,"ZIMMER BIOMET HOLDINGS, INC.",current,
ZBRA,0000877212,2019-12-23,,ZEBRA TECHNOLOGIES CORP,current,
ZION,0000109380,2015-01-02,2024-03-18,"ZIONS BANCORPORATION, NATIONAL ASSOCIATION /UT/",current,
ZM,0001585521,2020-04-30,2023-12-18,"Zoom Communications, Inc.",current,
ZS,0001713683,2021-12-20,2026-06-22,"Zscaler, Inc.",current,
ZTS,0001555280,2015-01-02,,Zoetis Inc.,current,
